{"18": "bounce", "33": "net", "44": "bounce", "58": "empty_event", "98": "net", "138": "bounce", "181": "empty_event", "2185": "empty_event", "2192": "bounce", "2211": "net", "2239": "bounce", "2245": "empty_event", "2270": "net", "2287": "bounce", "2305": "empty_event", "2318": "net", "2335": "empty_event", "9226": "empty_event", "9243": "bounce", "9267": "net", "9287": "bounce", "9309": "empty_event", "9343": "net", "9357": "bounce", "9403": "bounce", "9424": "empty_event", "10454": "empty_event", "10463": "bounce", "10484": "net", "10506": "bounce", "10519": "empty_event", "10532": "net", "10552": "empty_event", "11070": "bounce", "11126": "net", "11152": "bounce", "12314": "empty_event", "12328": "bounce", "12351": "net", "12370": "bounce", "12397": "empty_event", "12436": "net", "12477": "bounce", "12508": "empty_event", "12531": "bounce", "12548": "empty_event", "12560": "empty_event", "13213": "bounce", "13240": "net", "13277": "bounce", "14136": "empty_event", "14149": "bounce", "14178": "net", "14198": "bounce", "14220": "empty_event", "14236": "net", "14249": "bounce", "14281": "empty_event", "14304": "net", "14314": "bounce", "14327": "empty_event", "14351": "net", "14374": "bounce", "14383": "empty_event", "14406": "net", "14422": "bounce", "14460": "empty_event", "14485": "net", "14496": "bounce", "14505": "empty_event", "14526": "net", "14545": "bounce", "14608": "net", "14619": "bounce", "14630": "empty_event", "14650": "net", "14662": "bounce", "14716": "empty_event", "14769": "net", "14787": "bounce", "14797": "empty_event", "14819": "net", "14830": "bounce", "14897": "empty_event", "14941": "net", "14959": "bounce", "14991": "empty_event", "15008": "net", "15033": "empty_event", "16374": "empty_event", "16394": "bounce", "16424": "net", "16441": "bounce", "16468": "empty_event", "16485": "net", "16506": "bounce", "16530": "empty_event", "16544": "net", "16556": "bounce", "16565": "empty_event", "16590": "net", "16599": "bounce", "16631": "empty_event", "16658": "net", "16677": "bounce", "16738": "empty_event", "16773": "bounce", "16812": "bounce", "16846": "bounce", "17423": "empty_event", "17467": "bounce", "17501": "net", "17524": "bounce", "17575": "bounce", "18263": "empty_event", "18274": "bounce", "18302": "net", "18325": "bounce", "18337": "empty_event", "18373": "net", "18391": "bounce", "18429": "empty_event", "18459": "net", "18471": "bounce", "18503": "empty_event", "18533": "net", "18555": "bounce", "18581": "empty_event", "18596": "net", "18613": "bounce", "18701": "net", "18720": "bounce", "18757": "empty_event", "18771": "empty_event", "18782": "bounce", "18815": "bounce", "18849": "bounce", "20674": "bounce", "20706": "net", "20730": "bounce", "20781": "bounce", "20828": "bounce", "22492": "empty_event", "22505": "bounce", "22532": "net", "22552": "bounce", "22573": "empty_event", "22591": "net", "22603": "bounce", "22620": "empty_event", "22631": "net", "22646": "empty_event", "23200": "bounce", "23242": "net", "23272": "bounce", "23319": "empty_event", "23349": "bounce", "24568": "empty_event", "24586": "bounce", "24607": "net", "24631": "bounce", "24659": "empty_event", "24677": "net", "24698": "bounce", "24705": "empty_event", "24729": "net", "24776": "empty_event", "27694": "empty_event", "27708": "bounce", "27737": "net", "27755": "bounce", "27781": "empty_event", "27813": "net", "27825": "bounce", "27860": "empty_event", "27890": "net", "27914": "bounce", "27946": "empty_event", "27960": "net", "27969": "bounce", "27987": "empty_event", "29568": "empty_event", "29582": "bounce", "29610": "net", "29631": "bounce", "29645": "empty_event", "29677": "net", "29700": "bounce", "29728": "empty_event", "29741": "empty_event", "29756": "bounce", "29789": "bounce", "29819": "bounce", "29847": "bounce", "29873": "bounce", "30209": "empty_event", "30253": "bounce", "30273": "net", "30308": "bounce", "31684": "empty_event", "31697": "bounce", "31719": "net", "31738": "bounce", "31767": "empty_event", "31796": "net", "31813": "bounce", "31826": "empty_event", "31836": "net", "31853": "empty_event", "32551": "empty_event", "32608": "bounce", "32647": "net", "32666": "bounce", "32720": "bounce", "33366": "empty_event", "33373": "bounce", "33394": "net", "33417": "bounce", "33432": "empty_event", "33455": "net", "33481": "bounce", "33492": "empty_event", "33504": "net", "33516": "empty_event", "36339": "empty_event", "36359": "bounce", "36388": "net", "36406": "bounce", "36426": "empty_event", "36441": "net", "36461": "bounce", "36509": "net", "36518": "bounce", "36526": "empty_event", "36546": "net", "36569": "empty_event", "37931": "empty_event", "37951": "bounce", "37974": "net", "37998": "bounce", "38014": "empty_event", "38043": "net", "38070": "bounce", "38121": "empty_event", "38153": "net", "38175": "bounce", "38193": "empty_event", "38207": "net", "38217": "bounce", "40325": "bounce", "40389": "net", "40401": "bounce", "40466": "bounce", "41709": "empty_event", "41723": "bounce", "41745": "net", "41766": "bounce", "41791": "empty_event", "41814": "net", "41838": "bounce", "41857": "empty_event", "41871": "net", "41883": "bounce", "41902": "empty_event", "42559": "empty_event", "42615": "bounce", "42643": "net", "42675": "bounce", "42729": "bounce", "44174": "empty_event", "44189": "bounce", "44216": "net", "44236": "bounce", "44259": "empty_event", "44277": "net", "44295": "bounce", "44306": "empty_event", "44321": "net", "44341": "bounce", "44349": "empty_event", "44371": "net", "44391": "bounce", "44409": "empty_event", "45636": "empty_event", "45665": "bounce", "45698": "net", "45721": "bounce", "45767": "bounce", "47094": "empty_event", "47114": "bounce", "47137": "net", "47160": "bounce", "47187": "empty_event", "48058": "bounce", "48087": "net", "48122": "bounce", "49200": "empty_event", "49222": "bounce", "49249": "net", "49265": "bounce", "49295": "empty_event", "49330": "net", "49351": "bounce", "49383": "empty_event", "49411": "net", "49430": "bounce", "49448": "empty_event", "49489": "net", "49501": "bounce", "49538": "empty_event", "49564": "net", "49588": "bounce", "49608": "empty_event", "49618": "net", "49630": "empty_event", "69134": "empty_event", "69148": "bounce", "69176": "net", "69200": "bounce", "69221": "empty_event", "69243": "net", "69259": "bounce", "69278": "empty_event", "69300": "net", "69314": "bounce", "69330": "empty_event", "69349": "net", "69360": "bounce", "69379": "empty_event", "69398": "net", "69412": "bounce", "69425": "empty_event", "69443": "net", "69457": "bounce", "69472": "empty_event", "69492": "net", "69505": "bounce", "69519": "empty_event", "69538": "net", "69552": "bounce", "69568": "empty_event", "69588": "net", "69602": "bounce", "69617": "empty_event", "69640": "net", "69652": "bounce", "69673": "empty_event", "69691": "net", "69703": "bounce", "69730": "empty_event", "69753": "net", "69763": "bounce", "69777": "empty_event", "69796": "net", "69809": "bounce", "69834": "empty_event", "69856": "net", "69866": "bounce", "69879": "empty_event", "69899": "net", "69911": "bounce", "69938": "empty_event", "69961": "net", "69972": "bounce", "69983": "empty_event", "70003": "net", "70019": "bounce", "70043": "empty_event", "70065": "net", "70080": "bounce", "70088": "empty_event", "70111": "net", "70122": "bounce", "70157": "empty_event", "70180": "net", "70190": "bounce", "70201": "empty_event", "70222": "net", "70250": "empty_event", "71165": "empty_event", "71184": "bounce", "71204": "net", "71231": "bounce", "71260": "empty_event", "71284": "net", "71297": "bounce", "71335": "empty_event", "71357": "net", "71375": "empty_event", "71382": "empty_event", "71405": "net", "71417": "bounce", "71452": "empty_event", "71478": "net", "71492": "bounce", "71502": "empty_event", "71524": "net", "71537": "bounce", "71570": "empty_event", "71592": "net", "71603": "bounce", "71615": "empty_event", "71638": "net", "71652": "bounce", "71682": "empty_event", "71705": "net", "71716": "bounce", "71727": "empty_event", "71749": "net", "71760": "bounce", "71794": "empty_event", "71814": "net", "71825": "bounce", "71836": "empty_event", "71859": "net", "71872": "bounce", "71903": "empty_event", "71926": "net", "71937": "bounce", "71949": "empty_event", "71973": "net", "71984": "bounce", "72010": "empty_event", "72036": "net", "72050": "bounce", "72070": "empty_event", "72097": "net", "72108": "bounce", "72132": "empty_event", "72154": "net", "72168": "bounce", "72222": "net", "72234": "bounce", "72247": "empty_event", "72269": "net", "72285": "bounce", "72341": "net", "72351": "bounce", "72365": "empty_event", "72389": "net", "72401": "bounce", "72464": "net", "72476": "bounce", "72488": "empty_event", "72512": "net", "72526": "bounce", "72584": "net", "72596": "bounce", "72606": "empty_event", "72630": "net", "72642": "bounce", "72702": "net", "72712": "bounce", "72724": "empty_event", "72747": "net", "72769": "empty_event", "73291": "empty_event", "73304": "bounce", "73326": "net", "73354": "bounce", "73400": "empty_event", "73426": "net", "73440": "bounce", "73453": "empty_event", "73478": "net", "73492": "bounce", "73550": "net", "73561": "bounce", "73576": "empty_event", "73599": "net", "73613": "bounce", "73667": "net", "73677": "bounce", "73689": "empty_event", "73712": "net", "73727": "bounce", "73778": "net", "73787": "bounce", "73800": "empty_event", "73823": "net", "73836": "bounce", "73889": "net", "73898": "bounce", "73910": "empty_event", "73932": "net", "73950": "bounce", "73999": "net", "74025": "empty_event", "75200": "empty_event", "75212": "bounce", "75234": "net", "75256": "bounce", "75276": "empty_event", "75297": "net", "75308": "bounce", "75327": "empty_event", "75346": "net", "75362": "bounce", "75375": "empty_event", "75396": "net", "75411": "bounce", "75423": "empty_event", "75441": "net", "75460": "bounce", "75469": "empty_event", "75491": "net", "75505": "bounce", "75518": "empty_event", "75536": "net", "75552": "bounce", "75564": "empty_event", "75583": "net", "75596": "bounce", "75608": "empty_event", "75626": "net", "75644": "bounce", "75653": "empty_event", "75674": "net", "75687": "bounce", "75699": "empty_event", "75718": "net", "75731": "bounce", "75745": "empty_event", "75764": "net", "75775": "bounce", "75788": "empty_event", "75811": "net", "75824": "bounce", "75840": "empty_event", "75861": "empty_event", "77035": "empty_event", "77046": "bounce", "77066": "net", "77090": "bounce", "77105": "empty_event", "77127": "net", "77143": "bounce", "77158": "empty_event", "77175": "net", "77186": "bounce", "77200": "empty_event", "77230": "net", "77246": "bounce", "77258": "empty_event", "77275": "net", "77290": "bounce", "77302": "empty_event", "77326": "net", "77345": "bounce", "77354": "empty_event", "77372": "net", "77389": "bounce", "77397": "empty_event", "77421": "net", "77442": "bounce", "77449": "empty_event", "77469": "net", "77485": "bounce", "77495": "empty_event", "77518": "net", "77537": "bounce", "77545": "empty_event", "77566": "net", "77584": "bounce", "77595": "empty_event", "77618": "net", "77636": "bounce", "77645": "empty_event", "77664": "net", "77677": "bounce", "77689": "empty_event", "77714": "net", "77731": "bounce", "77741": "empty_event", "77761": "net", "77780": "bounce", "77790": "empty_event", "77813": "net", "77832": "bounce", "77842": "empty_event", "77862": "net", "77878": "bounce", "77887": "empty_event", "77911": "net", "77930": "bounce", "77939": "empty_event", "77955": "net", "77979": "empty_event", "79054": "empty_event", "79069": "bounce", "79091": "net", "79114": "bounce", "79127": "empty_event", "79152": "net", "79170": "bounce", "79199": "empty_event", "79225": "net", "79236": "bounce", "79255": "empty_event", "79276": "net", "79291": "bounce", "79323": "empty_event", "79361": "empty_event", "79404": "bounce"}